{"cameraMode":{"drawMode":0,"name":"Shaded","section":"Shading Mode"},"sceneLighting":true,"audioPlay":false,"sceneViewState":{"m_AlwaysRefresh":false,"showFog":true,"showSkybox":true,"showFlares":true,"showImageEffects":true,"showParticleSystems":true,"showVisualEffectGraphs":true,"m_FxEnabled":true},"in2DMode":false,"pivot":{"x":512.81298828125,"y":258.88677978515627,"z":-15.725606918334961},"rotation":{"x":0.03606445714831352,"y":-0.024662770330905916,"z":-0.0009262278908863664,"w":0.9997000098228455},"size":276.6585998535156,"orthographic":false}